{
  "model_name": "refined_quick_20250529_165210",
  "model_type": "quick",
  "created_at": "2025-05-29T16:52:11.178751",
  "person_ids": [
    "PERSON-0003",
    "PERSON-0006",
    "PERSON-0008",
    "PERSON-0011",
    "PERSON-0012",
    "PERSON-0013"
  ],
  "num_persons": 6,
  "num_samples": 300,
  "num_train_samples": 240,
  "num_test_samples": 60,
  "train_score": 1.0,
  "test_score": 0.8666666666666667,
  "cv_scores": [
    0.7666666666666667,
    0.75,
    0.8333333333333334,
    0.7833333333333333,
    0.7166666666666667
  ],
  "cv_mean": 0.77,
  "cv_std": 0.03858612300930076,
  "confusion_matrix": [
    [
      5,
      3,
      0,
      0,
      0,
      0
    ],
    [
      0,
      16,
      0,
      0,
      0,
      0
    ],
    [
      1,
      0,
      10,
      0,
      0,
      0
    ],
    [
      1,
      0,
      0,
      12,
      0,
      0
    ],
    [
      0,
      0,
      0,
      0,
      6,
      0
    ],
    [
      1,
      1,
      0,
      1,
      0,
      3
    ]
  ],
  "classification_report": {
    "PERSON-0003": {
      "precision": 0.625,
      "recall": 0.625,
      "f1-score": 0.625,
      "support": 8.0
    },
    "PERSON-0006": {
      "precision": 0.8,
      "recall": 1.0,
      "f1-score": 0.8888888888888888,
      "support": 16.0
    },
    "PERSON-0008": {
      "precision": 1.0,
      "recall": 0.9090909090909091,
      "f1-score": 0.9523809523809523,
      "support": 11.0
    },
    "PERSON-0011": {
      "precision": 0.9230769230769231,
      "recall": 0.9230769230769231,
      "f1-score": 0.9230769230769231,
      "support": 13.0
    },
    "PERSON-0012": {
      "precision": 1.0,
      "recall": 1.0,
      "f1-score": 1.0,
      "support": 6.0
    },
    "PERSON-0013": {
      "precision": 1.0,
      "recall": 0.5,
      "f1-score": 0.6666666666666666,
      "support": 6.0
    },
    "accuracy": 0.8666666666666667,
    "macro avg": {
      "precision": 0.8913461538461539,
      "recall": 0.8261946386946387,
      "f1-score": 0.8426689051689052,
      "support": 60.0
    },
    "weighted avg": {
      "precision": 0.88,
      "recall": 0.8666666666666667,
      "f1-score": 0.8616402116402117,
      "support": 60.0
    }
  },
  "original_model": "complete_model_20250529_164606",
  "improvement": 0.12063492063492065,
  "refinement_type": "quick",
  "target_accuracy": 0.9
}