{
  "model_name": "person_model_svm_20250529_024738",
  "model_type": "svm",
  "created_at": "2025-05-29T02:47:38.114660",
  "person_ids": [
    "PERSON-0001",
    "PERSON-0007",
    "PERSON-0008",
    "PERSON-0010",
    "PERSON-0011",
    "PERSON-0012"
  ],
  "all_person_ids": [
    "PERSON-0001",
    "PERSON-0007",
    "PERSON-0008",
    "PERSON-0010",
    "PERSON-0011",
    "PERSON-0012"
  ],
  "num_persons": 6,
  "num_persons_total": 6,
  "num_samples": 131,
  "num_train_samples": 104,
  "num_test_samples": 27,
  "train_score": 1.0,
  "test_score": 1.0,
  "cv_scores": [
    0.9523809523809523,
    0.8095238095238095,
    0.8571428571428571,
    0.8095238095238095,
    0.85
  ],
  "cv_mean": 0.8557142857142856,
  "cv_std": 0.05224224057867608,
  "classification_report": {
    "PERSON-0001": {
      "precision": 1.0,
      "recall": 1.0,
      "f1-score": 1.0,
      "support": 2.0
    },
    "PERSON-0007": {
      "precision": 1.0,
      "recall": 1.0,
      "f1-score": 1.0,
      "support": 7.0
    },
    "PERSON-0008": {
      "precision": 1.0,
      "recall": 1.0,
      "f1-score": 1.0,
      "support": 5.0
    },
    "PERSON-0010": {
      "precision": 1.0,
      "recall": 1.0,
      "f1-score": 1.0,
      "support": 5.0
    },
    "PERSON-0011": {
      "precision": 1.0,
      "recall": 1.0,
      "f1-score": 1.0,
      "support": 4.0
    },
    "PERSON-0012": {
      "precision": 1.0,
      "recall": 1.0,
      "f1-score": 1.0,
      "support": 4.0
    },
    "accuracy": 1.0,
    "macro avg": {
      "precision": 1.0,
      "recall": 1.0,
      "f1-score": 1.0,
      "support": 27.0
    },
    "weighted avg": {
      "precision": 1.0,
      "recall": 1.0,
      "f1-score": 1.0,
      "support": 27.0
    }
  },
  "confusion_matrix": [
    [
      2,
      0,
      0,
      0,
      0,
      0
    ],
    [
      0,
      7,
      0,
      0,
      0,
      0
    ],
    [
      0,
      0,
      5,
      0,
      0,
      0
    ],
    [
      0,
      0,
      0,
      5,
      0,
      0
    ],
    [
      0,
      0,
      0,
      0,
      4,
      0
    ],
    [
      0,
      0,
      0,
      0,
      0,
      4
    ]
  ]
}